{
  "metadata": {
    "title": "Comprehensive Directory of Narcotics Anonymous (NA) Meetings in Nebraska",
    "description": "Complete database of NA meetings in Nebraska with detailed information for database integration and community support",
    "source": "Aspire Impact Network - trauma-informed practices for accessible recovery pathways",
    "lastUpdated": "2025-07-12",
    "totalMeetings": 47,
    "note": "Meetings can change, verify via na.org, local helplines, or regional sites for updates"
  },
  "meetings": [
    {
      "city": "Ainsworth",
      "day": "Wednesday",
      "time": "6:45 PM",
      "name": "Ainsworth Group",
      "location": "Congregational Church",
      "address": "310 N Woodward St",
      "zip": "69210",
      "format": ["O"],
      "formatDescription": "Open",
      "notes": "Basement; WyoNebrska Area",
      "area": "WyoNebrska Area"
    },
    {
      "city": "Alliance",
      "day": "Tuesday",
      "time": "8:00 PM",
      "name": "Alliance Group",
      "location": "Clubhouse",
      "address": "708 Laramie Ave",
      "zip": "69301",
      "format": ["O"],
      "formatDescription": "Open",
      "notes": "WyoNebrska Area",
      "area": "WyoNebrska Area"
    },
    {
      "city": "Auburn",
      "day": "Saturday",
      "time": "6:30 PM",
      "name": "Auburn Group",
      "location": "Not Specified",
      "address": "1205 L St",
      "zip": "68305",
      "format": ["O"],
      "formatDescription": "Open",
      "notes": "S.E. Survivors Area",
      "area": "S.E. Survivors Area"
    },
    {
      "city": "Aurora",
      "day": "Friday",
      "time": "8:00 PM",
      "name": "Aurora Group",
      "location": "Methodist Church",
      "address": "1104 A St",
      "zip": "68818",
      "format": ["C", "H"],
      "formatDescription": "Closed, Handicap Accessible",
      "notes": "West entrance; Central Area",
      "area": "Central Area"
    },
    {
      "city": "Beatrice",
      "day": "Monday",
      "time": "8:00 PM",
      "name": "Beatrice Group",
      "location": "Presbyterian Church",
      "address": "321 N 5th St",
      "zip": "68310",
      "format": ["O"],
      "formatDescription": "Open",
      "notes": "Southeast Area",
      "area": "Southeast Area"
    },
    {
      "city": "Beatrice",
      "day": "Tuesday",
      "time": "6:30 PM",
      "name": "Beatrice Group",
      "location": "Lutheran Church",
      "address": "701 N 6th St",
      "zip": "68310",
      "format": ["O", "H"],
      "formatDescription": "Open, Handicap Accessible",
      "notes": "Basement; Southeast Area",
      "area": "Southeast Area"
    },
    {
      "city": "Beatrice",
      "day": "Wednesday",
      "time": "12:00 PM",
      "name": "Beatrice Group",
      "location": "Community Church",
      "address": "2727 Lincoln St",
      "zip": "68310",
      "format": ["O", "H"],
      "formatDescription": "Open, Handicap Accessible",
      "notes": "Southeast Area",
      "area": "Southeast Area"
    },
    {
      "city": "Beatrice",
      "day": "Thursday",
      "time": "8:15 PM",
      "name": "Beatrice Group",
      "location": "Holy Cross Church",
      "address": "1918 Garfield St",
      "zip": "68310",
      "format": ["O"],
      "formatDescription": "Open",
      "notes": "Southeast Area",
      "area": "Southeast Area"
    },
    {
      "city": "Beatrice",
      "day": "Friday",
      "time": "8:00 PM",
      "name": "Beatrice Group",
      "location": "Holy Cross Church",
      "address": "1918 Garfield St",
      "zip": "68310",
      "format": ["O"],
      "formatDescription": "Open",
      "notes": "Southeast Area",
      "area": "Southeast Area"
    },
    {
      "city": "Beatrice",
      "day": "Sunday",
      "time": "6:30 PM",
      "name": "Beatrice Group",
      "location": "Community Church",
      "address": "2727 Lincoln St",
      "zip": "68310",
      "format": ["O", "H"],
      "formatDescription": "Open, Handicap Accessible",
      "notes": "Southeast Area",
      "area": "Southeast Area"
    },
    {
      "city": "Beatrice",
      "day": "Sunday",
      "time": "8:00 PM",
      "name": "Beatrice Group",
      "location": "Community Church",
      "address": "2727 Lincoln St",
      "zip": "68310",
      "format": ["O", "H"],
      "formatDescription": "Open, Handicap Accessible",
      "notes": "Southeast Area",
      "area": "Southeast Area"
    },
    {
      "city": "Bellevue",
      "day": "Monday",
      "time": "6:00 PM",
      "name": "Bellevue Group",
      "location": "Church of Christ",
      "address": "2311 Madison St",
      "zip": "68005",
      "format": ["O", "H"],
      "formatDescription": "Open, Handicap Accessible",
      "notes": "Eastern Area",
      "area": "Eastern Area"
    },
    {
      "city": "Blair",
      "day": "Monday",
      "time": "7:30 PM",
      "name": "Blair Group",
      "location": "Church of Christ",
      "address": "615 S 13th St",
      "zip": "68008",
      "format": ["O", "H"],
      "formatDescription": "Open, Handicap Accessible",
      "notes": "Eastern Area",
      "area": "Eastern Area"
    },
    {
      "city": "Broken Bow",
      "day": "Wednesday",
      "time": "8:00 PM",
      "name": "Broken Bow Group",
      "location": "VFW",
      "address": "416 S 1st Ave",
      "zip": "68822",
      "format": ["C", "H"],
      "formatDescription": "Closed, Handicap Accessible",
      "notes": "North entrance; Western Area",
      "area": "Western Area"
    },
    {
      "city": "Broken Bow",
      "day": "Saturday",
      "time": "8:00 PM",
      "name": "Broken Bow Group",
      "location": "VFW",
      "address": "416 S 1st Ave",
      "zip": "68822",
      "format": ["C", "H"],
      "formatDescription": "Closed, Handicap Accessible",
      "notes": "North entrance; Western Area",
      "area": "Western Area"
    },
    {
      "city": "Central City",
      "day": "Monday",
      "time": "8:00 PM",
      "name": "Central City Group",
      "location": "St Michaels Church",
      "address": "2402 20th Ave",
      "zip": "68826",
      "format": ["O", "H"],
      "formatDescription": "Open, Handicap Accessible",
      "notes": "Central Area",
      "area": "Central Area"
    },
    {
      "city": "Central City",
      "day": "Thursday",
      "time": "8:00 PM",
      "name": "Central City Group",
      "location": "United Church",
      "address": "1801 17th Ave",
      "zip": "68826",
      "format": ["C", "H"],
      "formatDescription": "Closed, Handicap Accessible",
      "notes": "North door; Central Area",
      "area": "Central Area"
    },
    {
      "city": "Columbus",
      "day": "Monday-Friday",
      "time": "12:15 PM",
      "name": "Columbus Group",
      "location": "Pioneer Plaza",
      "address": "2402 13th St",
      "zip": "68601",
      "format": ["O"],
      "formatDescription": "Open",
      "notes": "Metal door in back, downstairs; Elkhorn Valley Area",
      "area": "Elkhorn Valley Area"
    },
    {
      "city": "Columbus",
      "day": "Monday",
      "time": "8:00 PM",
      "name": "Columbus Group",
      "location": "Pioneer Plaza",
      "address": "2402 13th St",
      "zip": "68601",
      "format": ["O"],
      "formatDescription": "Open",
      "notes": "Metal door in back, downstairs; Elkhorn Valley Area",
      "area": "Elkhorn Valley Area"
    },
    {
      "city": "Columbus",
      "day": "Tuesday",
      "time": "8:00 PM",
      "name": "Columbus Group",
      "location": "Pioneer Plaza",
      "address": "2402 13th St",
      "zip": "68601",
      "format": ["O"],
      "formatDescription": "Open",
      "notes": "Metal door in back, downstairs; Elkhorn Valley Area",
      "area": "Elkhorn Valley Area"
    },
    {
      "city": "Elkhorn",
      "day": "Friday",
      "time": "7:00 PM",
      "name": "So Fresh and So Clean",
      "location": "Not Specified",
      "address": "20227 Veterans Dr",
      "zip": "68022",
      "format": ["O"],
      "formatDescription": "Open",
      "notes": "Omaha Metro; Eastern Area",
      "area": "Eastern Area"
    },
    {
      "city": "Fairbury",
      "day": "Thursday",
      "time": "7:00 PM",
      "name": "New Hope",
      "location": "American Lutheran Church",
      "address": "1111 K St",
      "zip": "68352",
      "format": ["O", "H"],
      "formatDescription": "Open, Handicap Accessible",
      "notes": "Southeast Area",
      "area": "Southeast Area"
    },
    {
      "city": "Falls City",
      "day": "Monday",
      "time": "8:00 PM",
      "name": "Falls City Group",
      "location": "Not Specified",
      "address": "Not Specified",
      "zip": "68355",
      "format": ["O"],
      "formatDescription": "Open",
      "notes": "Southeast Area",
      "area": "Southeast Area"
    },
    {
      "city": "Geneva",
      "day": "Monday",
      "time": "8:00 PM",
      "name": "Geneva Group",
      "location": "Prince of Peace Lutheran Church",
      "address": "1026 O St",
      "zip": "68361",
      "format": ["O", "H"],
      "formatDescription": "Open, Handicap Accessible",
      "notes": "Central Area; hybrid format",
      "area": "Central Area"
    },
    {
      "city": "Grand Island",
      "day": "Wednesday",
      "time": "12:00 PM",
      "name": "Recovery at Noon",
      "location": "Unity Hall",
      "address": "210 N Wheeler Ave",
      "zip": "68801",
      "format": ["O", "To", "WC", "NS", "ENG", "♿"],
      "formatDescription": "Open, Topic, Wheelchair Accessible, Non-Smoking, English",
      "notes": "Central Area",
      "area": "Central Area"
    },
    {
      "city": "Grand Island",
      "day": "Saturday",
      "time": "9:30 PM",
      "name": "Grand Island Group",
      "location": "Not Specified",
      "address": "Not Specified",
      "zip": "68801",
      "format": ["O"],
      "formatDescription": "Open",
      "notes": "Central Area",
      "area": "Central Area"
    },
    {
      "city": "Hastings",
      "day": "Tuesday",
      "time": "6:00 PM",
      "name": "Hastings Group",
      "location": "Not Specified",
      "address": "Not Specified",
      "zip": "68901",
      "format": ["O"],
      "formatDescription": "Open",
      "notes": "Central Area",
      "area": "Central Area"
    },
    {
      "city": "Lincoln",
      "day": "Sunday",
      "time": "7:00 PM",
      "name": "Sunday Night Solutions",
      "location": "City Impact",
      "address": "1035 N 33rd St",
      "zip": "68503",
      "format": ["O"],
      "formatDescription": "Open",
      "notes": "Step & Trad Study/speaker; door #4; Southeast Area",
      "area": "Southeast Area"
    },
    {
      "city": "Lincoln",
      "day": "Monday",
      "time": "6:30 PM",
      "name": "Hold U Up",
      "location": "Immanuel Lutheran Church",
      "address": "2001 S 11th St",
      "zip": "68502",
      "format": ["O"],
      "formatDescription": "Open",
      "notes": "West entrance, basement; Southeast Area",
      "area": "Southeast Area"
    },
    {
      "city": "Lincoln",
      "day": "Monday",
      "time": "7:45 PM",
      "name": "Never Alone",
      "location": "The Bridge",
      "address": "721 K St, 3rd Floor",
      "zip": "68508",
      "format": ["O", "H"],
      "formatDescription": "Open, Handicap Accessible",
      "notes": "Southeast Area",
      "area": "Southeast Area"
    },
    {
      "city": "Lincoln",
      "day": "Tuesday",
      "time": "6:00 PM",
      "name": "Recovery At Work Group",
      "location": "Bethany Church",
      "address": "1645 N Cotner Blvd",
      "zip": "68505",
      "format": ["O", "H"],
      "formatDescription": "Open, Handicap Accessible",
      "notes": "Southeast Area",
      "area": "Southeast Area"
    },
    {
      "city": "Lincoln",
      "day": "Tuesday",
      "time": "7:30 PM",
      "name": "Let It Out",
      "location": "Saint Paul United Methodist Church",
      "address": "1144 M St, rm 027",
      "zip": "68508",
      "format": ["O", "H"],
      "formatDescription": "Open, Handicap Accessible",
      "notes": "Southeast entrance; Southeast Area",
      "area": "Southeast Area"
    },
    {
      "city": "Lincoln",
      "day": "Wednesday",
      "time": "12:00 PM",
      "name": "Mission Possible",
      "location": "People's City Mission",
      "address": "110 Q St",
      "zip": "68508",
      "format": ["O"],
      "formatDescription": "Open",
      "notes": "Enter through Men's Shelter; Southeast Area",
      "area": "Southeast Area"
    },
    {
      "city": "Lincoln",
      "day": "Wednesday",
      "time": "6:45 PM",
      "name": "Wednesday Night Wild Women",
      "location": "Christ United Methodist Church",
      "address": "4530 A St, rm B",
      "zip": "68510",
      "format": ["O", "H"],
      "formatDescription": "Open, Handicap Accessible, Women's",
      "notes": "Upstairs, Women's; Zoom ID#8651791321 password ByMd5L; Southeast Area",
      "area": "Southeast Area"
    },
    {
      "city": "Lincoln",
      "day": "Wednesday",
      "time": "7:00 PM",
      "name": "Boys to Men",
      "location": "Havelock Christian Church",
      "address": "6520 Colfax Ave",
      "zip": "68507",
      "format": ["O", "H"],
      "formatDescription": "Open, Handicap Accessible, Men's",
      "notes": "Men's; Southeast Area",
      "area": "Southeast Area"
    },
    {
      "city": "Lincoln",
      "day": "Thursday",
      "time": "6:30 PM",
      "name": "Stepping Up",
      "location": "Saint Paul United Methodist Church",
      "address": "1144 M St",
      "zip": "68508",
      "format": ["O"],
      "formatDescription": "Open",
      "notes": "Basement; Southeast Area",
      "area": "Southeast Area"
    },
    {
      "city": "Lincoln",
      "day": "Thursday",
      "time": "7:00 PM",
      "name": "One Promise",
      "location": "Connection Point Church",
      "address": "1333 N 33rd St",
      "zip": "68503",
      "format": ["O"],
      "formatDescription": "Open",
      "notes": "Basement; Southeast Area",
      "area": "Southeast Area"
    },
    {
      "city": "Lincoln",
      "day": "Friday",
      "time": "6:30 PM",
      "name": "Happy Havelock Group",
      "location": "United Lutheran Church",
      "address": "5945 Fremont St",
      "zip": "68507",
      "format": ["O", "H", "D", "WC", "NS", "ENG", "♿"],
      "formatDescription": "Open, Handicap Accessible, Discussion, Wheelchair Accessible, Non-Smoking, English",
      "notes": "Southeast Area",
      "area": "Southeast Area"
    },
    {
      "city": "Lincoln",
      "day": "Friday",
      "time": "8:00 PM",
      "name": "Lost and Found",
      "location": "Connection Point Church",
      "address": "1333 N 33rd St",
      "zip": "68503",
      "format": ["O", "H"],
      "formatDescription": "Open, Handicap Accessible",
      "notes": "Southeast Area",
      "area": "Southeast Area"
    },
    {
      "city": "Lincoln",
      "day": "Saturday",
      "time": "9:00 AM",
      "name": "Saturday Morning Social",
      "location": "2 Pillars Church",
      "address": "4000 Sheridan Blvd",
      "zip": "68506",
      "format": ["O", "H"],
      "formatDescription": "Open, Handicap Accessible",
      "notes": "Just For Today; Southeast Area",
      "area": "Southeast Area"
    },
    {
      "city": "Lincoln",
      "day": "Saturday",
      "time": "7:00 PM",
      "name": "Saturday Night Live",
      "location": "The Bridge",
      "address": "721 K St, 3rd Floor",
      "zip": "68508",
      "format": ["O", "H"],
      "formatDescription": "Open, Handicap Accessible",
      "notes": "Southeast Area",
      "area": "Southeast Area"
    },
    {
      "city": "Nebraska City",
      "day": "Thursday",
      "time": "7:00 PM",
      "name": "Nebraska City Group",
      "location": "Not Specified",
      "address": "Not Specified",
      "zip": "68410",
      "format": ["O"],
      "formatDescription": "Open",
      "notes": "Southeast Area",
      "area": "Southeast Area"
    },
    {
      "city": "Norfolk",
      "day": "Sunday",
      "time": "7:00 PM",
      "name": "Norfolk Group",
      "location": "Not Specified",
      "address": "Not Specified",
      "zip": "68701",
      "format": ["O"],
      "formatDescription": "Open",
      "notes": "Northeast; Elkhorn Valley Area",
      "area": "Elkhorn Valley Area"
    },
    {
      "city": "Omaha",
      "day": "Sunday",
      "time": "5:00 PM",
      "name": "Sunday Evening Recovery",
      "location": "Not Specified",
      "address": "2618 Leavenworth St",
      "zip": "68105",
      "format": ["O"],
      "formatDescription": "Open",
      "notes": "Eastern Area",
      "area": "Eastern Area"
    },
    {
      "city": "Omaha",
      "day": "Monday",
      "time": "6:30 PM",
      "name": "You Are Not Alone",
      "location": "Not Specified",
      "address": "2029 Binney St",
      "zip": "68110",
      "format": ["O"],
      "formatDescription": "Open",
      "notes": "Eastern Area",
      "area": "Eastern Area"
    },
    {
      "city": "Omaha",
      "day": "Monday",
      "time": "8:30 PM",
      "name": "Omaha Group",
      "location": "Not Specified",
      "address": "Not Specified",
      "zip": "68102",
      "format": ["O"],
      "formatDescription": "Open",
      "notes": "Eastern Area",
      "area": "Eastern Area"
    },
    {
      "city": "Omaha",
      "day": "Tuesday",
      "time": "7:00 PM",
      "name": "No Name Group",
      "location": "Not Specified",
      "address": "Not Specified",
      "zip": "68102",
      "format": ["O"],
      "formatDescription": "Open",
      "notes": "Eastern Area",
      "area": "Eastern Area"
    },
    {
      "city": "Omaha",
      "day": "Thursday",
      "time": "7:00 PM",
      "name": "Omaha Group",
      "location": "Not Specified",
      "address": "Not Specified",
      "zip": "68102",
      "format": ["O"],
      "formatDescription": "Open",
      "notes": "Eastern Area",
      "area": "Eastern Area"
    },
    {
      "city": "Omaha",
      "day": "Thursday",
      "time": "7:30 PM",
      "name": "Omaha Group",
      "location": "Not Specified",
      "address": "Not Specified",
      "zip": "68102",
      "format": ["O"],
      "formatDescription": "Open",
      "notes": "Eastern Area",
      "area": "Eastern Area"
    },
    {
      "city": "Omaha",
      "day": "Friday",
      "time": "10:00 AM",
      "name": "Camel Morning Group",
      "location": "Presbyterian Church",
      "address": "216 S 34th St",
      "zip": "68131",
      "format": ["O", "WC", "CW", "♿"],
      "formatDescription": "Open, Wheelchair Accessible, Childcare Welcome",
      "notes": "Entrance on south side; Eastern Area",
      "area": "Eastern Area"
    },
    {
      "city": "Omaha",
      "day": "Saturday",
      "time": "9:30 PM",
      "name": "Omaha Group",
      "location": "Not Specified",
      "address": "Not Specified",
      "zip": "68102",
      "format": ["O"],
      "formatDescription": "Open",
      "notes": "Eastern Area",
      "area": "Eastern Area"
    },
    {
      "city": "Seward",
      "day": "Monday",
      "time": "7:00 PM",
      "name": "Monday Night Miracles",
      "location": "Andrews Episcopal Church",
      "address": "1014 N 6th St",
      "zip": "68434",
      "format": ["O", "WC"],
      "formatDescription": "Open, Wheelchair Accessible",
      "notes": "Basic Text, accessible; Southeast Area",
      "area": "Southeast Area"
    }
  ],
  "formatCodes": {
    "O": "Open - Anyone may attend",
    "C": "Closed - Only addicts may attend",
    "H": "Handicap Accessible",
    "D": "Discussion Meeting",
    "To": "Topic Meeting",
    "WC": "Wheelchair Accessible",
    "NS": "Non-Smoking",
    "ENG": "English Language",
    "CW": "Children Welcome",
    "♿": "Handicap Accessible Symbol"
  },
  "areas": [
    "WyoNebrska Area",
    "S.E. Survivors Area", 
    "Central Area",
    "Southeast Area",
    "Eastern Area",
    "Western Area",
    "Elkhorn Valley Area"
  ],
  "cities": [
    "Ainsworth", "Alliance", "Auburn", "Aurora", "Beatrice", "Bellevue", "Blair", 
    "Broken Bow", "Central City", "Columbus", "Elkhorn", "Fairbury", "Falls City", 
    "Geneva", "Grand Island", "Hastings", "Lincoln", "Nebraska City", "Norfolk", 
    "Omaha", "Seward"
  ]
}